positionX,positionY,positionZ,velocityX,velocityY,velocityZ,mass
-37.44948,30.90287,40.93187,28.1904,-36.86769,40.57767,33.43666
23.91274,36.07118,-7.99617,-1.29718,-23.16004,-23.4893,23.00332
12.72452,33.30443,-49.44791,13.20253,36.939,28.89631,14.57043
-9.66678,35.18463,-5.91486,0.64258,-15.70584,-0.63615,29.17433
23.63382,20.76981,42.5093,-16.75711,-44.00926,-39.51919,38.67477
48.52648,-45.99978,-3.73567,-46.22297,-4.76715,-20.09501,31.69956
43.20601,-34.91404,-23.55878,-34.83815,25.03497,44.45512,33.11233
-30.02743,33.30258,-3.81293,26.34671,36.53622,-33.098,14.71751
15.26197,20.49599,-3.26025,20.28195,-33.2357,-2.94014,10.86202
37.45675,2.57066,-11.3781,0.48323,45.40425,-3.37499,29.81921
-43.08269,26.38068,29.73142,-21.94869,-36.14453,48.06391,1.77393
20.48264,-29.13412,-9.71523,-48.10093,-8.47424,21.24721,33.97923
13.77093,5.0361,19.61901,-15.74924,2.06009,16.96894,29.6864
-34.59618,48.88935,-12.9099,-7.16019,11.07183,48.0431,47.6887
12.39956,-39.69672,45.3279,-35.42241,17.90567,31.41576,20.93445
30.34355,-18.4867,-41.53977,4.60203,47.75487,-14.14241,31.84114
-10.68433,-11.53928,35.60811,-16.06092,-36.78944,-13.55436,26.52266
34.98505,20.57535,48.03069,-5.08317,0.37864,19.15502,7.77946
-3.50061,-31.48005,20.84184,-3.6461,-1.6661,-8.62016,29.69047
-14.42935,15.81755,-37.25377,35.32268,41.56156,46.13019,34.52275
-44.98936,24.81503,21.10537,20.14246,30.79499,14.47656,7.51724
-26.33865,-11.25226,33.96116,7.95515,-22.48302,-24.94381,14.73533
-20.76288,-33.68877,22.03938,0.76248,44.64664,43.41229,30.67279
-12.17939,-0.23331,-31.3932,9.54868,39.78753,19.79045,39.97307
-5.83097,-14.01805,29.03856,-47.67306,-44.17901,-37.54167,20.40445
27.41514,-16.45007,31.90826,-39.28036,12.8626,-9.08921,22.73744
9.72158,47.38509,38.26392,22.67618,47.04283,7.49302,21.66648
43.63578,-3.252,-4.88548,-12.09858,-28.11496,-12.11196,1.57323
-0.33507,-38.35003,-36.38958,-19.65016,32.12661,-43.25748,48.84649
-43.66899,-7.8876,-0.73697,10.5045,25.86255,40.91356,15.91426
28.794,-41.12648,-20.82607,-38.28817,-5.35329,-12.14467,15.77529
-16.62053,-47.58401,-40.74879,35.58582,-32.05378,25.68106,36.06671
-3.61438,-49.08401,-45.44212,-29.86771,28.83164,37.13255,30.31614
30.95957,4.57807,-13.43026,6.97722,16.64363,29.16922,48.72091
8.6505,-47.18635,-41.14539,37.50161,-43.957,20.33257,13.69241
-16.70153,-18.97465,-33.03803,-26.31812,0.12252,-41.99414,46.68394
44.362,-49.14822,49.28846,-37.98639,-7.35443,5.67388,0.32599
-21.92748,19.6878,-45.68949,-1.71278,1.76117,42.23157,47.95492
-0.78928,11.89686,-14.80693,-36.67496,0.68761,-2.70506,10.89667
0.19068,-40.69022,11.05944,-49.71544,-37.36636,7.969,28.30105
-26.27468,26.43784,14.76438,9.83389,-11.18436,-2.05984,49.64852
42.39452,-7.26094,-6.66506,-41.05769,-13.77571,28.86117,15.53994
27.9325,-16.81401,-9.30536,46.24397,16.48392,36.81529,44.68544
-27.33952,-3.40073,30.79185,27.37573,7.30508,-10.34863,7.39152
-32.02635,25.20206,-31.08201,-27.84264,-30.98544,-47.01044,37.53177
-10.20561,32.51475,-22.67081,33.34159,-14.49162,12.21232,24.35048
-0.20753,-8.40926,13.80158,-41.32496,31.38017,-34.17266,8.66485
17.02005,16.75828,-31.34405,-44.7812,44.32626,24.94873,19.62377
-49.29018,-30.35883,-42.71502,11.62263,24.99188,44.97723,23.28905
-23.12265,39.61687,-25.47528,-47.89305,6.15663,1.251,35.4919
-47.80657,26.5261,-13.83954,3.22331,9.30722,21.50112,22.50953
30.53996,-10.47998,-33.32581,49.66734,49.81182,30.90816,0.15477
-36.19827,-31.81418,44.08402,11.05738,-1.70446,40.17821,15.26053
23.08416,33.3257,49.55529,47.67255,44.39732,3.13532,6.2403
-49.84487,21.48033,5.89748,-49.40317,30.0976,-11.83215,35.10148
28.93513,-33.64644,18.48346,38.16862,8.53148,-22.30973,27.45008
-48.59047,30.77128,-0.40017,27.18597,0.54439,7.33177,29.48229
-12.18015,-42.88438,-7.2789,21.62265,-24.38372,9.40102,12.81729
-20.06622,-15.50984,35.77795,13.77518,42.57964,-1.64539,20.88604
-43.47541,17.27289,-3.17613,-31.80957,-35.0417,18.45356,30.32333
-33.902,-43.64476,18.18845,-17.37666,19.46407,-32.7043,42.67632
4.9063,-3.31414,-49.34806,13.04598,-25.27687,35.20088,18.79111
-32.17021,-43.83771,-42.95022,39.64274,11.92976,0.45916,33.42923
16.87309,-20.40665,7.0551,9.41097,20.08705,2.796,12.0552
21.91717,21.81778,26.08049,-25.66322,11.05626,41.21,28.8879
14.5285,31.40395,-25.59751,42.39122,-4.58366,-22.94615,5.45027
39.00821,-30.30923,37.30308,-46.22909,44.02497,35.10198,7.32919
22.49202,-45.47237,10.6214,12.00046,38.41115,35.19359,30.68613
-44.87554,-19.96354,44.22317,13.49124,-6.31661,23.09931,10.34777
32.76412,-30.88227,-40.84561,48.14797,43.57953,-18.02369,33.88037
4.94384,-37.04555,-12.86291,20.18087,-12.09446,15.37012,20.3037
-25.38279,6.48699,8.2066,32.5588,5.02077,46.15804,30.41835
-14.76579,-39.01146,-3.4763,-35.65296,34.10656,14.522,16.59964
-19.20318,-5.02017,-27.69826,43.48078,1.01531,-31.46824,5.55835
-28.26147,48.52028,-21.15999,2.5993,-32.18552,25.5993,22.78368
3.48687,30.64583,34.4597,-14.17774,8.73654,-22.8943,30.58082
-48.89417,25.33554,9.84721,-35.42243,48.08198,-8.92454,16.79814
-47.47712,-6.14888,-17.21376,-16.61664,-15.86081,-14.17122,33.64827
-49.42906,-28.81383,9.7328,12.82593,-4.90378,-10.6445,0.47324
-5.37629,-7.01005,31.57528,18.59225,-26.68201,-19.50818,3.43988
43.68586,7.1205,5.90094,39.10569,5.03346,-44.8991,43.19557
-37.63575,27.81862,39.93733,0.9356,42.16681,41.48834,6.8257
9.60508,44.12897,-32.37099,-29.91533,-23.0496,-14.8068,23.99402
-7.60799,48.9182,44.82809,-42.22923,5.597,38.75311,40.91622
-26.93486,-16.03807,22.1206,19.15318,-48.74009,25.95077,14.34865
20.61831,-1.10952,-16.72156,27.52845,-4.09574,45.35832,26.46796
-31.6097,-35.91284,-45.70605,-48.22386,-44.28043,-35.04936,45.12621
-33.35335,46.03831,36.69629,27.67096,8.76915,18.67561,11.55996
-32.2885,-19.5817,8.44772,-40.18806,-38.57904,9.35652,21.26028
28.38905,36.52282,2.13484,18.42506,48.70707,-44.41744,8.22058
-35.4764,10.19546,48.65501,13.15569,-21.70623,-11.54851,39.41472
5.64484,20.44162,16.40865,-37.00879,7.72089,8.71672,39.17043
4.0586,45.66127,16.49875,48.24111,7.13435,-25.26051,47.7695
-28.98036,-31.44591,40.24304,14.29519,28.39687,-34.79698,10.17341
-31.32044,-48.18897,-23.08481,1.20254,30.30598,-4.09682,0.29573
-49.49927,20.59215,-39.54586,-39.05105,-17.58278,45.838,43.1387
-35.61059,-47.78702,25.58045,-2.94733,-16.76745,22.33297,6.82259
43.58921,5.82791,-46.86813,46.91279,-42.63955,-11.33056,35.89547
-13.67428,31.65024,-17.63144,4.90156,21.81874,-34.17724,5.72911
-33.29917,-38.15434,8.06526,3.98473,25.85456,-29.85088,21.69372
-12.39678,-20.74366,-23.03531,-38.59267,-7.96599,-26.58069,45.31216
47.36367,-39.19878,34.07172,13.92238,-30.47418,-1.847,17.32019
-20.45452,-12.86333,43.36284,34.59738,-43.14031,-14.68846,28.36619
44.77795,41.26804,13.9244,38.05305,11.41006,-13.04799,7.75054
18.90259,44.93121,10.58109,-26.03129,-5.49887,30.39478,25.15327
-43.74231,-46.99028,2.99399,-3.00014,40.61644,27.59868,8.2627
-15.60223,-47.26614,3.06736,49.70781,-33.74637,-26.02079,6.56972
-2.14759,-0.48236,-21.60861,-13.92316,-10.54809,37.73333,1.77064
4.83616,48.1106,-42.71504,-3.92017,31.25391,10.51918,29.64566
-37.6491,22.73975,38.01063,37.49725,19.11321,-37.57741,48.63355
-10.02455,-9.76663,1.81316,-20.58652,-5.19646,37.77091,19.93701
-41.26711,49.33715,24.84903,-48.1019,24.35985,11.57049,1.78212
5.57379,40.09459,43.9558,-23.96663,25.40996,-33.6866,25.85288
-27.06806,41.66267,34.89361,4.06016,30.14388,-6.27932,5.27246
-29.928,-39.66258,-33.19061,3.89801,31.35557,44.33668,25.95122
-10.71709,-37.40856,-7.58985,-3.70745,-36.54663,-47.30179,29.89018
6.77658,-27.17225,-11.83209,46.78427,3.34741,19.7508,46.78225
-48.42045,11.74688,-32.53549,-49.30302,-5.62095,48.15947,35.32203
-12.70887,5.70939,13.69987,-3.64555,-31.22117,-1.84287,13.20326
-21.51345,-35.08708,42.02411,-14.17378,-42.12152,10.0669,47.4672
41.90498,29.26246,26.23268,-41.14401,44.62753,39.99983,45.75322
-29.8541,31.07897,-43.77357,-10.34011,-36.5521,25.90617,14.55131
4.96959,21.82537,-43.90557,-20.57479,-23.11287,-26.99526,31.54482
-3.1032,-23.38157,-28.02914,-26.61116,2.62151,16.19242,10.04239
28.90225,37.06918,30.68572,10.8705,11.2656,5.26792,15.20937
-12.17157,5.12115,21.82925,-12.33729,34.4745,-39.22258,31.13286
10.00222,6.28075,-10.30922,21.23312,-41.38288,13.40787,43.55601
-26.59026,47.50408,-4.7258,-37.96957,38.08319,36.35796,20.30897
-0.57716,14.10664,12.46736,37.52458,1.98303,0.61165,29.59168
-11.27515,6.22061,46.96598,17.31827,-27.11399,41.09912,15.59147
18.85629,-2.21677,32.8175,-42.99752,-2.49173,5.72187,42.6224
-23.39947,49.97307,-11.54804,31.09701,30.92951,-42.12517,13.02748
-43.80642,-46.40087,30.74319,-30.6018,24.66894,-45.88522,8.99363
32.9011,37.7632,20.61697,41.09018,11.46828,-13.0134,23.99144
-38.83881,-18.51502,15.18925,-0.67092,-26.34155,-17.98684,36.01969
4.66171,46.05464,-20.39538,-32.91125,2.58363,49.86077,1.15198
32.12846,2.72499,6.22898,-45.52999,-24.13291,-33.56964,37.33943
5.4462,39.01726,-44.20123,15.49486,18.44312,-6.83057,26.52192
43.08539,-33.73836,30.23947,33.62529,-10.95906,5.24271,41.95355
6.70565,16.90706,46.66415,14.34924,2.27113,22.79975,3.24295
-42.1935,21.06299,-46.76601,12.4765,-42.26335,7.37313,44.71404
2.08445,4.47899,-5.79211,1.14645,34.64219,8.541,5.53765
-21.02705,15.26945,-38.43555,-38.68071,28.61125,-37.48688,11.53093
-31.15575,19.24833,21.15076,-17.39094,-29.65606,-44.89775,31.29904
-2.93172,47.71517,19.08836,-0.97739,-35.77568,-39.4761,41.43862
18.1486,0.0275,-44.4246,15.59365,28.12835,-48.19332,5.21522
38.20571,-0.77738,16.95805,2.52561,-28.25759,-16.75427,42.17547
-4.58705,12.39225,14.60897,-11.27737,49.59518,-26.1572,35.52273
25.24005,44.91022,-46.55736,-43.20043,-12.96772,-45.82246,41.73695
42.10572,31.3973,16.38044,46.59515,18.56271,18.6681,29.52631
-1.6921,23.12868,2.82384,-13.9504,-27.56671,12.27195,3.5677
-31.89415,-34.48237,47.43874,-5.35092,-41.15169,-5.95636,9.59994
44.33203,-9.26195,-10.66228,-48.07115,-43.04494,-22.64986,49.99504
20.85937,47.27683,24.00492,-23.81692,-6.98064,16.75789,2.16725
-29.98516,-10.22445,-14.14656,-13.08499,33.31558,24.19885,47.75807
-10.67133,40.49677,35.23881,-47.67483,-26.78761,32.54157,36.02914
15.89862,-35.93338,47.1571,38.39232,-1.68033,-3.38813,46.53195
-8.7506,-40.80364,-38.51057,19.11338,0.02895,-31.58735,49.72842
39.78066,-28.77126,-35.82597,25.82515,-31.1877,-40.45821,28.2602
15.76511,-26.91049,7.30416,-27.94549,1.24584,43.97688,33.32951
16.59195,-34.46284,-14.53693,20.83862,0.57287,25.02384,6.82983
43.03029,39.73705,3.80148,43.21788,-40.07862,-44.18629,14.93124
43.40474,24.72573,-37.74095,-4.34586,25.94081,-35.21877,27.00381
-29.46521,-9.45583,-40.53905,-14.49482,-32.76596,-36.71328,36.04743
-13.26253,45.33641,35.99677,-48.42294,16.06204,-35.24157,16.7557
-24.48461,17.87748,37.23306,-49.29271,-5.86692,23.94227,3.8196
-36.37548,-7.2788,43.67318,9.74152,30.28732,-6.26112,18.35313
-7.08272,-34.74347,-20.37714,-5.51441,2.81271,43.58231,23.07416
-36.31295,37.55031,49.70959,-36.61042,8.60285,-11.79602,49.10705
-7.53145,-42.64449,39.26134,-14.97478,-25.20634,14.96171,28.34339
-4.57793,-18.52556,-45.72942,0.569,33.1651,-18.9168,49.74027
13.94241,12.94838,-28.8391,-28.44115,-19.71647,9.01184,41.31196
17.52768,32.79994,-9.56138,19.60914,28.7571,-30.05757,16.6132
-42.06397,37.8515,-34.65147,-45.17416,10.92705,43.3986,40.10125
20.19022,32.37851,-33.96867,-13.66005,35.58208,16.74859,37.12339
28.02537,13.40705,36.68883,-9.47682,30.15232,-48.63638,19.31891
-32.38731,23.87052,1.7112,36.61465,-35.41103,48.47488,37.30031
-36.64015,46.90762,-43.35019,14.7961,11.30132,-21.75556,46.96278
-32.26575,-43.81884,-33.86208,-1.58761,8.80063,8.68306,7.11554
25.48404,7.15781,42.01648,-34.44681,48.5695,-37.54785,15.4365
-31.13691,39.36088,-0.66262,-22.9274,-30.04721,-9.40344,9.33
44.11654,16.81643,20.05846,-35.69249,49.29449,27.26877,33.6977
41.59399,20.08926,-15.45443,-8.12593,7.97199,-14.47291,25.71845
42.85122,-30.1879,-23.21058,-1.08717,-26.78543,16.80856,36.34684
-49.88046,-20.58808,-23.76591,45.19932,1.05562,-40.33952,19.58156
32.74411,-37.33531,-13.92432,1.21365,29.85659,-32.0634,2.53045
-41.23989,13.08055,34.29551,-46.79368,44.02509,29.17867,6.78956
3.84631,-26.57987,-48.53971,-6.00144,25.14189,-26.84275,47.67129
-24.92997,-12.01043,-9.03884,33.40915,-6.95048,5.38357,45.86293
1.94984,17.53219,1.70031,10.83411,35.01219,-49.2001,42.40906
29.13234,18.46188,-48.11793,9.8476,44.21083,18.83209,45.02364
21.58599,-42.00644,-39.96675,17.3751,9.3409,-5.38175,15.07527
46.96587,-1.32516,-22.94513,39.52697,-2.75068,24.28973,1.83343
40.8583,29.01192,-25.07459,-39.12752,25.94583,9.42294,43.6782
47.03438,-36.05531,5.73016,37.01329,-47.24279,37.52506,27.83648
15.9141,25.82677,43.91656,-34.85737,15.4618,4.79987,17.22126
-28.5364,-3.8217,18.98949,26.25763,-26.65088,-48.07472,9.88983
40.49134,24.81126,-17.53479,-39.01444,-49.9024,16.79022,9.46163
-24.42698,49.01577,12.74872,-28.30366,-32.01474,45.00183,22.40223
21.20487,-11.68374,47.87621,44.7441,28.11878,-17.54032,3.22925
-20.49577,-28.38129,45.35389,-48.0339,-21.56813,-6.63915,12.14635
18.34233,8.72458,-7.566,-37.8068,-3.66402,-33.19599,48.03227
-15.47183,-24.76862,-2.81977,-46.96665,34.16922,29.92075,23.48027
-33.18978,18.82044,2.05053,12.0273,19.88039,25.87689,14.83329
-9.99442,32.81276,-4.91453,28.33428,-23.71975,36.20822,8.42459
14.422,27.22865,-48.86645,49.75385,8.85647,-19.81017,40.4684
43.21085,-34.55988,31.43116,-49.25681,-47.91538,44.33945,4.70767
-39.46919,-30.09947,33.45018,16.92814,15.29431,-11.06511,0.90432
-9.15169,9.70619,10.96227,-14.3723,0.9321,1.42706,34.58329
29.77878,37.60565,-8.36879,14.34038,18.01984,49.19415,18.55291
31.98259,25.81945,28.64676,-20.18023,-6.9234,13.69117,48.51414
-25.8353,7.13518,-49.04327,-21.37131,14.82176,26.04702,45.96356
-20.06427,35.61132,32.05805,19.12601,43.85235,-2.26195,25.1636
5.28629,48.91489,20.53036,34.35133,-33.32982,28.6812,47.54481
-0.43674,9.98776,-28.87135,-17.67606,-22.65053,40.06381,37.47525
-9.14777,25.4638,7.4366,29.22086,24.48485,11.07326,46.58913
45.80573,-25.15857,-0.55759,-20.08804,-33.80471,-4.4206,21.29816
-17.96706,35.06215,2.99353,-14.22872,14.26576,-35.96465,22.51797
-26.51543,27.86018,31.24154,27.78256,19.39523,21.22362,28.04033
30.95236,-42.2037,23.27626,38.78631,-48.44618,-45.68996,21.35657
-20.89785,-15.81763,-15.70151,-46.39732,-24.9448,-22.8997,4.92368
-21.45399,23.1138,5.95455,36.7923,-33.02295,20.05952,8.95536
-1.69117,41.37933,-8.86539,-29.22189,47.87463,17.39534,16.54403
-12.20001,48.44118,23.44236,-45.54217,40.38759,35.21082,39.04366
-36.30514,30.50642,-30.18888,4.55598,38.77587,43.61975,43.28759
48.80602,29.90058,36.47504,47.68515,35.70332,-18.59409,30.73388
-9.40945,17.53449,-34.79573,-10.43256,-6.2623,20.57721,27.58377
-36.52362,12.66898,1.32346,37.76634,-26.03325,-30.66147,25.42229
-24.81412,48.95578,26.26829,-39.35954,-23.93894,-49.97893,30.20143
25.07504,2.38539,-20.70875,-21.96629,-38.02195,26.69123,46.30779
-47.31651,-22.31427,-11.09407,2.23768,26.23353,17.91056,14.44122
-13.46337,-34.85421,-13.1084,-47.35465,-45.14411,-43.21718,6.19975
21.20063,27.35298,9.59667,16.99485,15.8189,-27.56965,19.83515
-7.77325,-45.663,-8.43898,-1.01981,43.64035,48.45511,40.7948
-42.18279,42.33407,-6.60752,-11.46856,-19.16599,42.1062,33.19481
28.45634,46.04475,-25.85519,-0.1886,-46.8573,-6.06674,2.81719
19.36331,-6.02604,21.90046,-18.62434,39.24221,-35.40684,45.64992
5.51472,-21.9813,-27.27381,-17.71512,9.43343,-42.12416,29.65707
38.47452,27.27848,-43.81142,-22.52097,-44.2817,-31.26944,11.40624
-20.31877,2.27378,24.32608,11.2301,-16.34266,-34.75014,48.11016
-13.74969,-34.91447,41.82727,10.1119,0.26535,-32.90975,2.14417
-24.77126,21.4144,5.55514,-47.55785,17.9072,-17.12229,0.3885
4.04585,49.10005,-2.37576,-36.41014,36.40177,35.11534,29.03911
-11.40822,-8.91404,27.44185,-31.61444,27.84257,6.80599,17.54563
-25.73895,-3.47303,-7.2867,-22.72026,15.0004,-38.22143,19.78808
33.92305,31.96079,-38.25992,39.86324,-24.63094,-19.03899,12.98424
-32.43485,13.60731,-27.73642,36.94032,20.17351,32.96449,3.73361
-9.58064,-28.74592,-18.90914,12.70204,37.17657,-48.42594,34.37043
41.98429,14.91702,16.10809,7.37076,-40.70967,-23.05836,37.17481
28.07039,42.24747,-16.92416,-30.4208,-48.49404,-37.06017,24.38611
-13.41321,23.88016,-42.25566,-13.41661,-5.62094,18.05747,24.41818
-41.90363,-18.53411,-44.74353,-25.04007,-7.17773,1.80488,17.30618
-36.37255,36.52094,36.95704,-43.60578,-28.77445,-25.12284,38.89637
-39.75766,3.10164,11.61686,23.43403,40.38203,-4.21265,25.78621
-25.78447,-26.03785,-14.06737,-17.62715,-45.75427,36.47137,36.00472
-35.23087,13.88257,36.13923,36.32042,-34.161,-36.03377,21.70395
-42.33536,-38.49446,6.52977,-5.48733,-32.03653,-39.95935,48.93843
-47.48083,-33.35727,-1.11368,17.68945,-46.51911,38.2028,21.52339
-14.62185,-41.96881,-20.66194,40.52774,-46.58332,-25.38794,0.74693
44.51932,-43.10362,2.92113,12.40526,6.08318,48.33747,49.23537
-6.6199,7.50992,47.24777,-41.30527,28.64924,34.68857,45.85361
-3.08752,-14.81149,12.62962,14.51823,-41.18395,38.57193,15.2505
-12.59528,0.25763,48.01749,-42.14092,-26.57241,-24.45865,16.24157
-45.20455,-32.24513,-12.20278,19.90769,-29.91297,27.17551,22.8302
4.27223,-26.7587,43.11184,20.40256,13.69323,15.3465,25.85487
36.49237,10.63105,-23.48352,-23.81958,-46.12382,20.32678,37.16053
24.33029,27.90202,-13.52205,14.53073,14.64655,28.26894,21.28583
-32.97465,-24.8581,12.55807,-31.34516,-48.49374,25.57265,46.47682
-8.7176,-24.51907,16.38745,9.40066,37.28268,8.83836,6.02924
-46.25529,40.15854,39.84986,-35.25119,-49.34718,30.60872,6.78525
-32.88461,-7.26254,-3.31414,26.52416,-13.39434,5.80619,21.78228
-6.99534,-17.77973,36.94509,8.23096,-40.84206,-24.92006,13.83809
-16.9936,-11.97859,48.49864,8.7948,41.97223,-30.17737,1.66365
-38.69582,-32.56644,28.58631,1.19547,46.62438,14.40548,25.57903
-28.95275,26.07034,3.32549,-46.44151,-35.52254,36.17835,6.84904
42.55609,21.33809,-16.29021,0.78804,18.01332,22.35026,17.92503
-29.37167,2.63663,4.79313,28.05349,12.9268,-9.7792,38.0752
46.91138,46.73612,25.03664,31.62048,29.82894,28.42689,36.01426
31.34243,-48.37472,-45.6879,-41.09424,3.07288,-0.11601,21.2768
-2.21806,11.44487,-10.41729,-8.00739,-18.47104,2.86821,20.92085
25.83142,49.79457,46.72373,-5.28601,45.89828,40.02122,9.54146
2.90768,-0.10967,10.84333,20.41166,7.57041,25.51355,48.32618
40.70842,-1.66767,-24.3586,1.31569,35.30339,-7.16049,13.08092
-10.72106,-35.41686,21.22952,-9.16162,-2.25217,10.80484,20.57123
-39.55876,-4.39715,-31.03378,-20.44784,31.32707,9.98856,9.35144
-48.76064,-18.75395,4.29032,-36.21222,-23.85897,40.66671,6.5063
21.27841,-14.36176,18.53567,31.7486,17.13537,8.37604,14.16166
-39.21991,-7.69479,13.18437,-6.54122,14.23589,18.33671,38.18626
-5.31731,12.47169,29.70954,-49.24621,49.14744,-2.57897,9.18353
45.27894,-25.2923,12.39053,30.05056,32.38455,48.90208,7.25886
-8.99616,-33.84048,-8.85382,44.49267,-19.17164,5.29059,17.16672
-36.84593,20.88669,-49.8735,19.77322,-8.99037,36.68648,23.17261
8.87084,19.37249,23.94952,-19.95963,-45.82071,-5.10363,27.40732
-40.21281,26.70782,-22.99961,-47.40016,5.26063,-32.69727,33.69893
-32.91042,-39.14849,-0.15278,-34.94312,18.5929,-15.7378,48.28856
41.85797,13.86089,-48.52774,44.61722,-38.4895,-8.33113,26.79249
-32.73709,4.43181,2.84338,-23.28846,-40.51749,-45.00277,33.93516
14.20589,18.81162,-44.80077,42.58357,22.45984,37.69908,13.83951
43.37619,28.71604,-43.30915,-9.09443,43.99317,17.67113,12.064
22.75977,31.00296,24.90481,35.83666,14.26376,27.47457,5.6905
36.85716,35.51878,14.33845,-33.33533,-36.95589,1.32327,20.67155
-20.96203,-32.14321,-7.65558,-11.82291,-12.97387,-26.64248,44.42344
1.48467,-5.0809,-3.89966,34.6539,43.91285,-23.71979,25.24723
-35.98775,6.7598,7.37278,-39.08578,-41.40768,-40.60137,43.53085
-42.6155,8.78893,-37.60569,30.57887,2.20305,-12.21274,20.42393
45.25934,-17.17836,13.2587,11.91236,-29.92859,40.33691,19.41078
11.44307,27.83359,46.46885,41.19174,-32.13216,-6.95644,43.15202
-21.97675,-2.4461,28.9925,44.97166,-24.0868,32.46835,7.54914
-34.81408,2.93117,4.6692,39.83952,-27.14614,-33.72197,32.34174
-27.82936,29.35085,7.59446,-19.89405,-5.01168,31.34273,23.35113
5.35372,34.59508,-44.99184,38.07583,3.77771,20.66738,45.31146
-2.44625,-48.54935,-20.90304,20.29178,-5.36392,35.20067,25.84019
20.72536,27.07507,45.68656,-19.40603,-48.29807,-45.84803,22.60488
-6.95756,25.82242,10.53176,-6.56873,-27.81293,29.96556,4.97346
4.90024,20.6896,13.73146,-36.81693,12.70072,-16.64761,34.92784
41.58882,-25.83562,-11.85861,3.39243,-1.09861,26.66243,4.89608
42.5798,39.64957,-29.23559,22.56407,-47.7045,25.86658,9.54455
38.16099,-38.16598,-30.28265,35.49692,-28.74948,20.53186,16.18398
-28.17036,-41.68818,-6.31247,-8.28605,2.58861,11.7944,12.04329
-41.48588,-26.7388,27.22347,3.64532,2.12789,-36.5394,7.25621
-44.6649,-28.28217,46.43919,-6.31207,13.56085,-49.465,12.11715
-45.54596,31.01838,41.05082,-12.45993,47.69713,-12.63235,33.54117
44.62311,-17.9625,-5.99466,41.08562,-41.03498,34.54492,33.79114
31.96008,-22.24984,16.034,-47.17559,-7.99881,15.90916,1.08607
-6.99309,-45.02244,-22.95233,-48.09161,-19.11628,-2.06834,31.30495
25.78073,-20.83108,-27.71921,36.62733,-13.39692,35.24044,36.30539
25.55472,15.77908,13.55672,-31.23584,4.01009,47.93629,3.66421
46.88741,-18.26237,9.95868,-34.78493,-19.189,-17.99196,7.69518
-38.09672,-32.51943,1.12591,8.22524,-14.99408,-46.09218,6.57009
-3.48561,49.58779,-20.27682,-14.69395,-3.9002,-15.89735,17.19484
-44.99274,-14.04449,-18.65064,-39.04427,-14.45531,34.00481,32.57772
2.43646,-0.86579,-3.16774,-45.1226,-35.77202,44.90336,8.82196
-32.55634,7.93218,-26.18528,-42.82977,36.45014,-12.88457,43.84639
28.32694,-27.48199,-17.34542,-31.75428,2.61269,4.40504,34.02123
-26.10387,18.99388,-43.51766,-2.42742,-27.32199,-2.07,6.30946
-29.89616,-13.46244,-37.78304,15.83633,34.97526,19.3321,17.32785
3.04413,49.98788,-35.43284,-44.26871,-32.75676,16.72546,20.3532
-41.36223,-39.60216,-36.54658,8.37761,-7.86573,-22.55933,47.52604
-17.65302,30.881,49.28473,-43.9496,25.85291,-10.54471,33.26944
-35.73347,16.52477,11.12269,26.56236,-44.46542,-0.46476,29.85004
49.95552,-34.22489,26.55201,23.15899,8.15389,-8.22057,44.46012
19.63807,40.82812,4.28191,-3.24678,-18.35308,35.72237,36.20712
-2.26465,-25.87533,-1.41584,-8.77327,33.58211,12.32348,20.93748
1.28811,19.61581,30.82655,-0.34389,4.27101,2.2994,21.41442
-20.16345,-48.01415,27.88617,32.83231,49.53144,-8.30274,21.13804
4.8009,14.98896,-12.50236,-34.432,32.32859,14.99604,26.54244
-40.2269,17.97573,-3.13172,-8.22082,42.88738,-16.12739,16.65497
-44.01139,39.71429,22.51499,-11.33383,28.08188,-6.92216,44.10935
47.1766,-11.84668,-34.72478,-34.62356,-35.93528,22.22596,15.9603
17.11375,-28.68084,8.03146,16.36302,-44.76175,-10.31121,16.75981
-35.06772,1.83069,11.99635,-14.44475,-5.95127,-16.65639,22.84074
11.8032,-18.25016,-0.8229,35.63996,15.84495,-36.18933,38.6969
-21.42218,-17.11699,-18.30987,45.90133,-37.0518,-18.90605,49.79376
-21.07289,36.22119,-38.54924,6.09872,-24.25013,-11.93508,15.52612
49.74744,45.29144,21.31496,26.84374,43.3963,28.3709,22.68804
41.20962,-42.00968,-15.09914,3.93133,-8.28287,30.43945,14.93332
-10.18162,-35.97926,20.25196,-13.21233,-27.15137,-44.41851,15.69638
-21.2,-12.52181,-44.37141,30.48187,-26.94315,-0.77643,28.59716
27.16922,-20.93263,49.92389,-30.72355,-2.57511,39.52855,46.21879
-38.57754,-0.85453,-4.87854,-2.52232,18.82981,39.75487,30.40908
40.19029,48.64742,-49.82813,5.85114,30.03245,36.93961,43.97164
49.44164,-43.75475,-35.09945,36.34715,30.28324,-0.75978,16.56694
34.13442,5.54039,-27.38269,-41.79555,-30.88928,24.66746,0.79492
29.75465,15.85761,9.33184,16.60207,0.31471,-36.95622,19.01851
36.69301,-40.80012,-35.49858,14.93547,-14.2859,-34.81568,48.04489
46.39791,7.51824,-40.68549,19.75684,-25.14671,-41.96996,27.02009
25.44214,28.09618,-33.73488,35.2197,-37.46064,-29.8966,44.56146
10.17084,1.03313,-36.74356,-26.1657,-16.90039,44.16058,15.20557
31.40251,-30.58222,9.07635,38.37813,27.98064,-30.37107,6.02296
24.03656,-9.07886,43.6849,44.23988,8.13309,-17.26188,33.28715
-9.7416,44.25428,-1.40447,46.67658,4.95363,-27.857,23.21707
3.67708,11.09518,32.82647,-39.16856,23.73771,18.41334,11.22987
11.35657,46.91829,-47.63558,-27.59575,5.99021,-26.49355,12.70264
39.59592,-49.02644,2.06306,5.85034,-33.27675,0.01626,14.19524
-40.05563,-0.14735,29.78026,-48.20445,40.3126,-38.92666,47.34411
-21.00533,-1.49177,-14.21121,-46.05226,-16.53574,-26.45297,19.61464
22.18953,-21.93215,-32.52992,-44.65296,19.11193,-32.01636,47.18785
-41.39653,18.05652,-3.33798,-45.93941,-17.33239,33.00626,36.91939
-6.3408,14.48144,-33.71625,32.21917,-22.07448,42.7519,40.20016
38.87585,-7.91127,-22.01798,-2.6358,10.15486,-31.06101,19.70725
49.19371,-43.76767,-20.14144,-11.6125,-6.92535,20.68002,32.8507
-47.24836,-2.46196,11.3369,13.46918,38.67102,-16.75926,3.5957
30.78014,-6.96233,-22.8665,-25.72261,22.84578,-22.07997,13.84349
-41.30975,-37.73048,31.38276,26.298,-42.73816,18.41662,42.7971
-45.69572,-19.99463,-14.30145,19.49756,-49.60401,46.08658,6.67569
20.93599,45.41369,44.87933,-25.28363,49.46083,49.80333,13.28492
-7.20516,19.84074,-45.63888,-29.41263,-22.73358,36.71532,37.52053
0.62507,-38.45516,-28.51359,8.23647,-25.06293,-20.88414,37.6394
23.96192,22.57885,3.89725,-13.48587,-11.24533,38.69654,19.26881
-15.48464,-25.46952,48.97153,-23.11245,15.02713,-5.3778,0.3102
-34.35314,-13.83039,44.17345,46.33709,-5.52444,3.7043,36.05507
-14.78648,-32.92841,-11.61687,19.63778,41.3906,40.5297,45.22463
12.61536,43.59284,38.23973,-10.73933,26.7835,-18.82946,41.4482
-18.55574,47.50331,-44.08487,2.25036,-40.39106,-46.57494,21.66063
-21.5385,16.08664,19.19413,-25.64984,-40.2044,12.94139,42.57715
-24.90053,-6.28022,-31.53695,-29.48316,32.45897,-19.86875,36.72242
45.0311,-7.80423,-4.61515,-29.91571,12.44517,-33.68205,46.25469
-1.22523,18.42369,38.33529,21.61108,38.49273,-24.85245,9.39104
-1.3596,23.8616,-41.72733,-47.39124,-34.66893,-15.78883,2.16224
28.68595,43.61269,36.886,-18.38839,-26.90996,39.97106,46.52601
5.79015,0.73385,-6.15032,28.68187,24.93438,10.84418,33.02115
23.70468,-4.92455,-11.03506,22.61253,-23.24289,35.04602,40.56093
28.69301,-6.74256,27.80998,-10.61592,37.41957,-17.48383,27.15279
30.22537,6.54528,27.06534,11.17771,19.24656,-32.03354,31.36385
46.14339,-3.34718,-16.31022,44.48954,-0.66882,-26.14743,9.86773
38.06338,11.51337,-38.3085,27.80291,-24.71991,31.39953,7.43262
-26.85999,21.16169,-17.74915,41.23653,11.64425,-46.93666,5.56507
-39.55274,48.13498,42.5304,-9.21775,6.68363,-20.47467,45.41495
5.20956,-39.31835,48.05283,-44.41,-35.30329,-30.08185,23.05899
48.13457,23.13318,7.48716,-44.03522,-29.02429,46.52539,3.52369
-11.06231,0.27486,-36.81016,25.83016,7.00416,49.22348,4.03425
-17.21564,18.8022,35.30364,-6.28894,28.32013,-39.80135,14.2309
-43.30194,25.91194,26.22159,6.46973,35.52122,10.26711,31.32489
42.07855,3.76745,-19.72182,-0.35033,-5.60777,19.89573,14.73304
9.72533,-29.70093,43.8814,-32.25611,-3.73169,29.93863,28.80004
-33.66027,4.23454,7.18134,-35.1926,16.55771,14.55718,21.5766
19.10506,-20.16216,-25.03849,-47.15293,25.79345,-22.81328,4.94576
-13.58955,38.09854,39.09272,34.83474,-12.84381,-45.65664,3.78348
-2.32699,37.77948,-0.06931,-31.34079,-45.78473,6.34207,12.04942
-16.05725,-47.36229,29.86172,-23.6871,-40.22651,48.07731,31.53083
33.54569,5.17363,-44.63639,-10.39616,15.59076,28.14062,16.62152
43.6395,-47.13629,1.13195,-23.8186,39.28423,-37.08728,3.76098
-17.54704,12.29122,-36.31318,42.66868,43.6378,-8.24805,8.30359
30.6973,-3.58482,4.06422,-33.75838,-10.01835,-25.62744,7.93545
6.02291,-39.91206,-9.18889,11.00701,1.17189,46.13458,18.3554
-41.12128,-49.00716,-0.66305,-5.72118,42.29725,-3.41447,24.65485
12.66994,26.09873,24.79154,-45.72551,-27.1664,28.25241,20.96428
-22.21679,-27.16653,39.25643,25.4967,18.61412,11.85813,24.87663
25.92872,-3.89864,23.16813,6.75375,-10.20934,29.05542,24.1269
-33.49256,30.21508,-12.95731,36.4982,-1.60005,9.05809,41.10226
-3.38687,-37.37569,24.87159,-20.67376,-3.84426,-27.50085,41.23829
-2.01892,37.60148,30.48097,29.8761,-10.74808,-41.61193,23.54193
20.52024,-6.98999,-11.92033,-19.80141,1.18176,43.50287,0.86979
-25.69429,-24.52293,17.02943,-43.98144,-45.30936,-27.56824,41.93661
-15.79237,1.7868,-34.3862,2.3425,-47.29679,25.84985,7.47928
-43.79872,32.34491,-34.87005,20.80254,-28.10361,-20.772,40.95744
13.20614,-16.86913,-47.2283,-29.30226,19.94356,7.86861,1.19713
-25.19824,-27.00115,-18.04849,35.57343,44.0395,-9.19205,2.05442
43.85995,-17.20894,-23.86499,-29.69261,-21.84698,20.25774,35.45185
-38.92706,-2.53463,-23.23946,9.5681,-8.8673,47.91221,45.16281
-31.68788,-40.30417,-31.01396,-21.0071,-36.97541,-6.64609,48.46431
43.56292,45.19987,-2.9193,-6.47253,10.61922,-5.93706,46.96288
48.34209,41.85759,-23.41205,30.45038,-48.74258,-28.22836,7.06678
31.15759,-16.5975,21.66756,-16.64001,37.45723,-7.80907,13.9789
8.44261,-27.0188,14.84512,43.19348,-42.99677,20.5798,0.66889
23.2203,-45.26765,-29.88139,32.4346,43.75813,-21.93506,3.77803
45.32217,-42.51935,-11.04979,16.62475,14.86646,-21.3445,26.25583
12.68954,14.82544,-26.88015,41.42189,-19.51047,32.55356,11.28303
-14.19781,-36.57883,21.496,-18.22868,31.24236,24.59717,21.60833
-11.77128,26.13009,29.507,37.10737,8.31467,-36.97949,42.14728
1.88846,-2.00909,-3.54964,46.85709,2.87499,-40.42765,14.65476
14.43134,-44.17453,-34.21323,25.6092,-0.97206,21.62779,20.10453
47.0879,-19.95883,-19.96295,43.88581,8.11164,24.97056,18.35464
19.98753,-24.66119,37.7586,44.60456,27.97741,-7.76181,37.94789
2.30535,-42.90058,-12.36655,31.30355,16.03066,22.26504,40.71305
-25.65133,34.9285,-20.15602,43.44086,-22.54134,-27.64497,13.04691
46.41689,5.86008,-7.19474,-42.52798,19.69928,38.69826,28.81569
1.56348,42.75349,12.61389,-26.77942,22.98515,-11.60368,22.98406
-20.03112,-8.00475,49.32065,-44.17655,-24.67173,-45.62224,20.53066
32.94701,44.71047,-1.93026,-46.22386,4.62584,6.35321,23.7311
42.67694,22.49998,32.22615,2.74192,-3.0642,22.06256,45.31915
24.43799,-41.04016,24.17445,-23.6097,28.25684,-41.75635,42.35291
42.12224,2.56733,46.50466,-25.48448,-16.64339,-4.55355,20.46286
37.56103,4.05382,8.2615,-14.81847,-27.33354,-37.84153,43.01065
-49.58267,-4.88015,16.89994,8.30532,-5.45067,12.6639,7.27614
-9.38212,24.01273,21.40818,0.74506,45.22377,21.67255,3.17739
21.46068,13.10911,-31.16275,-23.26084,9.68833,-18.672,35.39887
32.84744,37.96738,47.32765,37.5442,-21.6436,49.88108,4.56026
7.00269,-13.1343,-46.10718,-9.42979,21.27207,-5.75444,31.98972
11.14739,-19.54546,5.4394,-42.09686,-19.29391,-17.40608,21.45029
-21.56242,-6.11721,36.70655,-40.41728,10.2369,-25.35986,6.85257
-49.55628,39.70417,-48.01743,-39.77622,-45.12559,46.73931,31.69423
-32.26407,-30.43214,21.33516,39.62497,33.22469,-37.76464,19.73826
14.57944,49.14978,-6.1513,19.99285,48.19534,29.97847,14.8844
-12.69588,-38.76945,29.36603,2.05494,-18.25134,41.8924,13.46198
23.51489,-34.89306,48.05466,14.03795,-21.38901,-2.56608,35.53976
5.37614,0.67187,-32.37221,27.17408,-32.59383,-35.53683,18.47353
-0.23218,-45.8441,11.05665,34.50555,36.72261,32.2716,3.38674
34.99371,-19.2495,-25.10617,43.39456,-24.61504,40.09399,2.50172
41.42786,-21.26244,35.29965,-2.35326,42.65613,-12.584,44.97137
-26.98717,-0.64865,-13.52863,16.15809,-21.34267,-44.11871,35.5889
-2.43158,-43.7165,-35.54612,-39.76645,-0.00286,43.46631,20.01138
-14.99603,-10.27917,46.7115,-20.73235,41.8777,44.88245,40.54401
40.32518,-39.41667,-35.75129,34.33412,33.77687,33.15831,39.86059
46.80607,46.3431,7.24578,5.15997,-1.5499,-32.94794,19.63914
-29.74987,-11.65956,-47.33004,48.2526,-11.49177,2.97538,47.21422
33.56215,-27.01962,-7.02719,49.19365,27.3249,-10.55257,30.14201
29.63481,-17.29377,-28.45314,-0.21663,-45.57453,-44.60809,11.94367
-48.22055,-9.07577,10.05369,-48.45314,18.60304,42.20907,7.30612
-49.45737,45.75075,39.36119,32.37991,-43.23046,21.1931,29.02243
15.28252,34.36534,-5.14757,34.30219,32.0641,29.00576,29.14321
-13.99669,-24.90717,-31.65834,6.25353,-15.88541,-43.41003,24.54497
-2.35575,27.88592,-35.31506,8.96774,-13.02993,18.34624,46.18169
26.03502,-5.67761,-35.67457,43.74827,12.77227,29.49028,37.55797
-8.73016,-14.38521,16.56067,49.3981,27.9171,-46.30078,37.88697
-36.00827,19.6442,-24.40358,21.52535,24.81868,-5.89666,41.09789
26.50929,-41.20667,30.38379,-19.49946,38.10006,24.2752,31.47915
3.03953,10.09171,-7.60967,-38.9556,48.64705,-22.53136,22.67264
33.04186,43.4829,1.63682,45.63741,-49.41729,7.03418,4.64242
20.37215,-0.28907,14.84046,32.94136,-20.43582,3.89236,31.11356
-32.00141,-6.3451,-41.72323,33.19867,34.83437,-47.69705,27.20253
7.60078,-42.08308,-21.69745,25.67919,-7.1874,-31.58215,48.15254
-32.66421,30.34046,33.61804,44.35832,-25.15465,23.88914,35.37729
-12.60066,-19.33256,14.78872,34.2729,-49.1425,-35.21553,1.94922
-18.56437,-2.15924,27.74272,27.41369,41.49327,3.04893,36.47429
-7.45133,1.92539,-35.06562,-1.95294,-38.18541,-44.69697,14.64305
-8.52918,26.5434,10.62969,6.85514,-19.8228,8.64236,19.30597
-26.95131,32.07569,-31.41607,31.82233,11.79958,47.1361,45.7055
3.30146,20.06473,31.45534,21.94486,-0.04097,-41.01464,26.46379
-24.81669,49.9424,47.80815,1.02772,44.8361,-11.97259,6.98809
-30.99885,-35.41445,-21.27094,-27.35284,-25.7119,-44.90934,9.04379
31.97503,24.73748,-2.36959,15.23535,34.26524,48.69546,8.4591
-39.50953,-38.0577,-20.07535,17.03884,-8.77046,-47.87091,30.95611
-6.50321,48.19522,45.82883,-12.18142,-30.56769,-39.7265,49.53126
-14.65614,-48.9935,13.44822,7.35073,2.08656,23.32018,17.86855
-36.82211,-42.81076,49.61313,-43.66701,-23.49182,-3.29551,6.7467
-37.78082,18.02197,-25.38622,30.37718,9.01686,-47.11077,31.7184
3.91777,31.95718,44.80934,5.46939,-14.79096,24.67583,0.16095
16.54305,25.87298,8.79682,-22.10442,46.32843,47.7243,23.65161
45.57264,-29.81636,40.25572,-34.09178,14.17281,-44.70572,33.34986
-14.83808,21.55137,-16.24474,32.72895,-25.34864,-44.83653,17.87919
-4.93927,8.56434,-25.69477,-6.04941,-32.15358,28.51964,10.41252
42.70819,-28.54268,16.33323,38.40335,38.71105,0.35803,19.66442
35.75097,32.11545,-18.93791,-3.33985,-37.36696,-24.25423,4.25777
-4.25667,10.99549,-45.67936,32.75951,-1.54152,-36.14991,25.53742
-31.83963,-26.19447,36.6901,5.12734,-8.8461,-48.48105,27.84682
-28.93206,37.03507,-6.41177,-43.56606,14.17088,-49.59539,0.75129
39.99272,-6.12887,38.36433,-44.54919,34.13857,47.95936,32.82214
10.17502,-30.34454,-40.14254,29.39501,41.61654,-3.69778,35.11141
-26.31128,-24.08704,28.22046,5.20022,-36.2489,7.14036,20.54587
36.26522,-43.63245,39.07324,-49.19479,-12.70466,-0.75376,14.95943
-10.19951,13.96302,1.74308,-23.85772,-30.77735,35.28649,37.72608
-29.99848,-46.20681,37.6133,-31.60517,3.48992,-46.01127,0.11912
-1.74625,40.46675,40.12696,-2.00765,19.88599,-35.50144,46.33638
-36.83584,-3.61884,30.94008,-29.2661,46.68496,-14.2724,44.84896
-41.52454,25.86029,33.96921,29.90027,-33.70388,-38.71695,5.68817
8.30589,-20.46312,-38.0601,-44.10212,24.93928,-27.21162,34.9612
4.42787,5.13279,-12.31835,-5.09743,33.31026,-38.57733,31.8821
-34.78175,14.21813,-26.39809,27.96061,17.39332,-24.53046,28.75254
24.53254,-5.70084,-39.3974,31.46946,47.5713,2.88102,10.08701
1.16203,41.08237,-4.89776,15.58629,-47.34861,26.07137,0.47053
-22.74723,39.61367,-9.01159,38.18446,13.78063,10.78716,8.39804
-42.14716,-38.89859,-28.62319,-5.68111,-8.29578,42.17742,20.47993
-0.61909,36.09268,-36.19687,24.71879,-48.0585,0.24543,41.65126
-2.01731,19.0345,-28.24738,6.3441,-33.80189,7.12461,45.41422
-0.46266,40.87211,9.30451,-27.79025,-42.89893,-14.61475,36.19614
-2.81088,17.31696,-16.58765,-19.86032,-34.13515,-0.3195,42.28494
14.09606,38.32757,-11.2471,27.91579,-6.98459,12.36866,37.67974
46.0851,4.72177,31.83594,6.48481,36.67149,22.66636,40.94202
-26.52456,45.01678,-47.32634,27.13494,-28.87626,-7.33657,20.83333
-25.39682,-6.68777,-10.06336,29.18532,7.55887,-6.84834,2.9972
40.86856,3.37629,12.50584,48.64456,29.63686,-28.66907,0.63656
48.63422,5.14089,-33.02941,-25.812,46.85633,-4.73505,39.07604
48.92165,30.72796,19.39839,12.42003,-47.36651,42.69237,31.90859
-24.2625,-23.80581,-38.57785,15.49359,-14.5897,40.97619,46.8758
-17.23348,48.39126,44.01339,-49.42002,46.41183,-20.84152,34.15731
1.40942,-6.8259,-39.65411,34.2489,-24.42955,36.65679,6.59273
-39.11064,-49.52651,23.70707,32.3172,-45.84692,16.01186,19.13703
45.2798,-16.50081,24.83383,7.49358,-12.46028,37.1974,0.18263
42.46856,25.48759,20.70585,-22.74383,11.12732,-41.44925,19.63458
37.86543,13.10432,-5.44785,-22.72386,-19.26896,17.40499,45.07476
16.35226,23.31242,-44.1129,-7.96795,-11.93037,48.33825,27.35918
5.20285,-31.01141,-24.69373,2.66373,38.79806,-17.22217,47.27654
-14.46507,-28.45535,-18.80424,13.9193,1.20723,-24.84016,19.02986
-43.59213,7.84814,-4.92664,-47.2159,4.38923,-12.37621,48.20702
-14.4515,-44.98095,17.96979,30.78016,-6.40881,-26.77491,29.24186
-7.2651,-19.95708,15.93369,-5.08199,-32.9839,11.26252,27.08725
-19.48421,-15.13775,39.37605,-36.95506,-47.42065,39.16724,41.4954
-18.60829,-41.03335,18.88649,11.83239,1.79938,-20.91934,7.0215
-26.41392,37.782,0.07724,24.85591,-46.85463,-0.41885,24.2568
15.35789,-46.29387,44.74236,-33.3376,21.23364,-34.66161,44.70875
43.94324,34.13906,16.42859,-34.36063,30.63001,-15.53951,37.86013
-0.74881,9.19099,-45.93204,-12.59578,-30.1405,29.35318,18.46386
-2.53619,19.74704,27.18871,-34.4644,1.69823,-23.18004,27.72436
14.09508,2.12406,-17.64274,40.96222,12.51564,-19.48092,24.70268
28.37967,-44.95309,49.82539,-13.63658,2.32361,-40.24465,48.21851
12.36497,-38.53877,9.33371,39.53594,-18.12324,10.91348,8.47059
-4.6336,-30.2161,37.13998,19.39212,-37.91317,-8.7907,1.40875
-34.94352,42.68706,30.45299,-21.38576,27.83832,-0.19445,31.98147
29.74581,-3.48669,-22.13304,6.52424,39.58271,47.8759,15.48008
42.11991,-8.20133,-46.39451,-15.17351,10.87529,42.68087,42.21628
-4.67052,11.04011,-25.4481,30.07007,1.80515,-21.69688,12.36677
5.23758,23.75048,-27.54561,48.88675,34.60678,-4.79109,19.0331
32.78143,49.75215,22.57375,13.07126,38.70863,-37.99341,39.67623
-0.02811,4.42284,-33.06751,-32.57496,43.34621,39.53831,17.05686
11.67505,-11.70162,-38.14853,45.91429,-40.85721,14.34987,27.5742
47.04473,-38.65987,7.60763,-32.18519,-6.00749,-41.39109,6.90062
-31.58578,-36.60364,18.019,-41.36707,3.97531,-44.01265,33.39483
20.90376,-22.09831,-41.73989,47.91903,-10.10959,-5.89224,43.61535
47.05628,-6.01392,-34.34771,-26.80246,23.896,-44.78637,1.55594
9.58019,-20.48036,-47.87241,49.89369,-5.38036,24.37379,2.94497
-26.66159,-29.09373,-48.88321,-20.11467,33.81148,-44.32824,31.59528
17.71844,-16.28756,-16.01805,-6.30522,24.29724,-30.33106,29.29517
-0.76397,18.01181,36.86514,-12.6517,-12.3002,-7.81642,41.88088
-27.35179,47.38903,-19.91127,-28.33245,42.92225,-34.33886,35.45917
-31.23728,-37.00443,-17.33576,-45.32193,3.44478,-23.61564,26.23639
-2.89364,38.3968,42.80805,19.15056,-17.20075,-4.07014,20.15541
12.96139,16.92808,18.03566,-24.39352,48.25499,-41.85157,33.89275
-10.83607,40.27821,25.91711,37.88256,-9.8052,12.15541,9.22851
47.30105,47.52028,16.51437,21.89748,-19.62414,-41.35084,40.60493
14.48447,-43.88505,-38.46463,11.40527,10.70917,49.36093,9.25919
40.27512,-10.76707,-2.96673,5.59726,-7.09806,-34.4952,10.43037
25.0194,-15.20605,-21.42164,35.4783,-24.80495,9.13274,1.70742
31.37551,26.46786,-8.2558,-38.46969,-44.54957,28.0406,27.416
-31.30062,-12.13539,-20.30379,2.6877,-29.22543,46.63943,2.22802
2.47207,-26.09114,-24.64681,11.09185,-5.98333,40.77524,38.08692
-3.1454,5.40123,34.88796,-34.88435,-12.47552,-37.84589,4.31259
23.53745,-38.21497,-46.92073,-19.18718,9.60811,-20.52216,41.31167
49.35469,-18.70546,-0.66389,-49.24379,-19.80106,-30.61379,26.61358
-8.38029,47.70875,14.81622,12.89925,-45.88091,21.39768,43.66613
-12.83473,44.88163,33.06363,8.47254,-34.84054,-15.76547,11.16503
6.28032,-33.86098,-21.78799,42.90084,5.30423,13.79493,34.52147
-36.0384,-42.06038,-27.60639,43.08922,-35.5912,8.07713,20.19581
-1.21525,-19.22079,-36.76282,-26.09333,-25.06233,-20.21183,44.96349
2.41082,-1.60186,44.89848,5.58205,-29.42653,31.66287,5.93162
47.67608,-10.42058,-25.74452,20.7048,-19.90398,12.82712,40.1028
-45.03208,-6.27978,4.04727,-5.19166,-32.27592,-41.45689,48.62878
-32.73348,-4.08596,-32.69184,15.02957,17.73789,-13.96023,45.07847
41.95753,-24.31804,35.94276,-19.65942,-9.81143,6.05823,3.35157
25.62508,-2.94498,-10.74403,-24.22708,37.75443,-49.21148,11.57876
-32.95932,-8.04756,46.083,-10.57905,12.62736,-29.62946,25.0675
7.71818,-7.83636,6.95279,-33.54115,-34.87247,-9.89204,12.89855
35.58579,17.0145,29.83247,-21.24123,-11.59151,26.92428,19.79856
27.16529,-32.34034,34.703,28.19807,-12.22854,38.0353,18.75434
-13.34907,49.82533,16.01463,8.7127,-4.88674,-28.23162,23.29467
27.93566,48.84886,-15.13787,-26.88019,-16.61254,-24.23797,34.90092
-37.38881,45.55844,36.72221,47.02771,-41.23854,42.01456,37.26115
44.84826,19.60479,-0.4631,-46.9585,-34.2068,48.78935,15.24772
16.6628,-2.61728,-14.99085,47.54145,-28.27857,44.68295,14.22003
-47.99967,-27.789,26.04416,-40.28255,-35.97581,-38.86273,23.12026
-23.34741,14.02476,45.58177,14.54349,-31.4639,-44.82082,46.23694
-9.13765,46.84813,-8.7441,28.1163,18.25368,-14.8655,8.39448
16.24322,25.35834,-1.08811,-47.64249,23.30302,23.98533,49.42269
11.22503,32.00899,31.30411,-1.74044,36.9849,-0.87096,38.51249
44.27261,27.88604,32.05047,4.5939,13.1403,-7.16202,13.173
-33.47054,23.39033,-31.47923,-23.53947,48.30837,-22.03084,21.23745
43.92263,32.59491,-8.19489,14.0176,-34.42522,-26.25381,24.58947
30.91042,-40.49661,3.33953,-38.80378,21.00115,-8.97664,19.30506
-37.07888,-23.71847,49.36023,-2.18098,-2.82095,9.62373,3.91179
39.21743,-17.4975,-18.48714,-17.83293,-33.18469,4.79673,40.16726
-35.503,6.5175,24.65588,-32.95581,-14.6357,31.45641,13.93762
8.17091,-13.15625,-24.3394,-21.25039,-17.61487,9.8218,47.85478
-4.19324,18.54215,47.64084,32.69788,-1.90936,30.73188,43.63444
-45.03111,-37.48046,8.25635,-5.79064,31.18422,3.87329,18.61397
-29.72618,-49.1013,5.38575,-34.26705,37.30077,25.40114,6.22353
-35.86828,2.03189,-12.53634,-33.33085,-19.12411,31.51271,19.94761
46.06104,9.63184,-18.99562,29.98001,32.02429,19.67861,7.41731
-30.81518,23.9171,0.21264,1.11518,48.1388,-25.34649,12.53173
11.0692,30.03288,-21.77001,43.60319,-49.14137,44.34751,28.7817
28.43559,11.31154,-25.18725,21.74686,29.5218,-13.53658,6.08414
12.24595,-13.1865,-29.47999,9.03639,-22.84749,-37.70652,26.90789
14.41748,-20.02346,41.2507,30.39026,1.15738,-24.58068,22.66099
22.45697,2.87743,33.4753,35.03068,41.47076,26.40153,14.30518
41.40996,-20.4204,-16.67129,20.86193,37.85744,22.0911,8.71621
7.7881,22.5564,18.07944,43.24045,49.10411,-34.26885,4.23326
22.54522,14.61173,21.97369,-42.29714,3.82497,40.48752,4.08168
15.92903,-27.14823,31.02926,-4.85367,-21.85987,22.42452,40.6207
36.29793,41.99639,-0.001,-43.40013,46.18961,24.69142,48.69365
9.7415,-24.74049,25.58717,-1.56221,3.39647,-19.14625,10.68068
-44.47465,-11.34491,-39.90537,-13.07439,-26.63248,-40.50655,46.92606
6.30555,-7.20877,35.76097,4.04242,-4.06523,0.26855,49.41714
17.72039,-38.53562,28.85132,-47.0749,-12.30818,33.41521,22.47686
-32.69331,36.17641,-30.592,49.31518,-49.70192,29.84434,8.62181
3.22364,32.41809,21.89322,-48.35815,-20.64847,-10.67528,20.34366
42.01821,36.75406,-12.66481,-25.88417,-46.0532,-14.17364,4.50918
-32.01466,-19.76934,-48.58792,-5.81765,6.20968,38.63214,6.37527
-23.33322,29.47952,10.02588,27.46011,14.26735,15.11303,10.37009
-23.79884,9.19594,18.93071,-4.53488,13.06928,45.71049,42.58578
36.49246,24.68962,32.54702,40.18404,-12.71019,41.53806,42.61952
-20.13834,-14.45655,-11.89782,-31.58204,26.90514,34.90952,24.95047
18.08097,-38.90363,15.82654,-23.36334,-6.64776,-41.88668,19.00643
36.78895,-47.34086,-18.10956,-10.20555,-29.10473,-48.49542,17.35229
3.52676,27.30017,32.86433,25.74081,-18.41779,14.02825,44.08167
19.06602,24.65536,-32.66349,19.47114,22.38469,-16.88496,4.73032
40.39891,-30.74124,-41.76857,11.92486,-20.3703,-45.74606,20.04322
-42.55146,20.15089,-18.04803,-15.98025,-15.73651,-29.72452,10.14427
17.13956,-30.2031,43.14983,-10.62797,8.10817,9.53127,42.31733
-37.83101,8.21853,-4.95402,-44.16535,37.69713,-42.26509,40.10173
-45.61477,-1.93716,26.57453,22.87548,-16.40177,-34.79014,49.70886
43.3337,-19.20271,46.56145,-37.61039,-25.38555,-24.22322,3.28491
24.46549,45.33769,-36.24682,-17.51889,37.87565,3.77341,2.43785
9.75981,-34.28718,48.50799,15.44261,0.18379,38.68088,25.13585
49.08059,-35.99067,-19.77756,-35.77345,38.9042,-32.80603,19.09404
34.57967,22.42582,0.15944,6.16675,21.07344,15.55705,13.1998
-33.16559,16.64667,-39.45114,-37.10257,-9.31434,-47.96615,47.77052
-7.87579,13.82786,27.5073,29.07761,24.10887,-32.83088,26.36267
40.67851,29.3314,6.09195,23.36357,-1.511,-38.94393,8.69204
-18.71387,14.96478,10.62514,-8.28414,47.96784,-35.71651,33.71364
47.53517,-25.8699,-25.33812,-5.50731,-43.94343,-18.87833,28.26172
7.18526,-8.32781,-0.14017,-44.41147,-44.61838,-42.33464,22.26362
-9.85816,-7.55259,-38.96815,-17.02726,-41.8994,38.95116,44.18822
16.63869,46.06062,-14.07838,-40.07714,-40.68142,26.18735,34.02111
-23.75573,-47.51945,-26.27171,22.88942,-43.33332,30.72041,41.39392
-6.89515,-15.0239,-5.77688,39.50767,-13.4088,-11.28566,35.35113
-12.58284,26.89135,27.13456,48.73489,15.5063,-11.59072,12.50369
-5.13658,44.37217,36.08664,-13.79156,-18.85427,2.91022,4.6429
17.42188,6.30256,-44.03561,17.3746,-2.94308,40.34982,37.21425
7.2657,33.12626,29.58274,7.65695,-12.53334,32.283,8.66837
-7.0411,11.58484,-20.66038,-34.62199,-36.61599,-13.87115,13.6275
-31.44964,-37.95828,16.4612,30.67958,16.01886,-47.31684,34.10139
-40.77526,25.62741,46.02709,37.59983,29.09633,26.67676,24.18471
-46.98101,32.08796,-12.46723,-13.50784,17.25395,28.65796,42.86804
-36.23343,-24.20972,-22.7112,-8.54533,49.39763,-14.97837,46.13389
34.41013,-39.34674,-29.89419,48.78971,47.66548,-38.14796,43.33199
36.5195,-1.52858,16.9761,-45.07947,-18.09893,8.72067,44.74441
-42.5326,15.27763,17.8407,-38.70261,4.6555,-24.81556,31.40915
46.06544,-5.52273,13.51896,-40.63831,15.8844,49.02571,12.22317
-33.76907,2.18788,-1.19255,-25.51654,-15.38733,-21.15284,38.89544
2.58319,17.2511,-5.57342,-15.31174,17.53737,27.83331,48.50846
-10.75891,43.1085,-27.22391,-30.85069,13.60246,-40.23765,30.96992
31.89809,-30.39018,-26.09364,-32.75613,9.29908,-24.75615,14.41302
-41.39818,2.04124,-43.50733,-11.5955,21.22647,-12.78309,40.61828
20.2503,-18.57978,-37.42513,4.46436,-7.62703,45.55751,12.09584
27.43306,22.43669,17.12904,25.74203,-30.33777,20.03509,39.59573
-28.06334,40.9707,-11.72151,25.53844,-48.41141,29.81666,13.48467
-24.54901,-12.13388,33.55508,11.75404,-38.03575,-38.50951,15.68367
37.86255,0.31618,13.76638,23.48309,30.58401,10.0561,37.0651
-31.9556,-32.42791,46.27618,28.33002,-40.51231,47.43139,40.74921
22.64872,-39.87558,-25.42473,24.85812,12.69387,34.33699,13.35664
-32.70472,25.74312,-24.07982,24.54648,-14.19358,8.90171,47.7624
-15.96111,-24.98432,-0.91594,-19.59495,7.24027,-37.77612,14.43211
7.92666,-33.86905,1.88442,20.37001,32.15002,-34.19917,28.09242
-21.22005,-43.70876,-43.05992,-10.85493,13.41353,-28.71728,16.615
-12.52199,-15.73689,-6.20388,38.72859,12.35458,-7.12116,4.27383
21.73272,-14.93333,-0.05261,-26.77465,-47.73223,-41.83617,16.2298
-24.53796,-43.71024,-11.18879,7.89179,45.96034,-46.92139,4.27616
32.65648,31.86553,-12.135,21.85094,21.21553,-20.70459,40.66476
-22.93219,-31.62748,34.01535,-25.60561,-10.71875,27.92922,39.36174
0.58575,43.42895,26.15905,3.74466,-32.17461,24.66982,4.09457
37.59405,-3.09509,-42.12946,-1.90607,-0.55314,-37.85782,20.47595
-38.16067,26.72087,40.56746,15.70995,48.98493,4.88175,12.8126
-15.46452,46.03679,39.62953,15.90309,40.62565,1.6916,26.51553
-32.8977,-25.40087,1.32494,36.30394,-25.41821,-13.61695,29.45497
-23.11617,-24.11626,42.2594,-6.34897,-30.125,-41.85631,47.6643
24.9013,-37.90915,46.94935,11.84157,-24.64942,25.12589,43.73635
-13.25968,-37.37099,33.4404,-48.72686,-3.18952,41.87633,17.09683
20.13468,-29.26099,-46.42565,11.12452,-13.21946,-43.27137,8.51595
-18.5384,-2.71823,29.13723,-23.42844,47.41819,-35.23543,27.79823
29.01912,-18.65983,41.02484,7.44889,-6.71562,-8.97889,34.20336
-29.41831,8.68327,-17.86825,38.75915,-16.21506,12.48087,4.83857
-22.09213,47.16142,-17.62052,-27.56666,-38.84413,-25.09444,2.69193
0.26747,-48.02457,39.25335,-39.72981,-36.43384,-20.82601,24.9411
19.64739,42.86448,-38.70236,0.87732,-42.81815,-27.6272,35.56454
39.95703,29.29083,27.81001,39.0026,40.44729,42.47683,27.52065
38.18801,-39.57325,-39.11497,5.97104,46.95143,41.43731,8.2536
20.53477,-13.03566,14.66671,16.06298,-41.88114,32.06708,13.23349
-28.14734,-19.99562,-24.79354,9.02843,49.64361,-24.99641,44.1587
47.3846,-25.1197,7.23988,26.89165,-36.06168,-30.11458,14.76147
25.87143,-14.17579,8.57124,-7.93303,34.73192,10.27799,8.71098
-45.20814,-32.95155,15.0371,7.54262,21.66229,30.0295,21.7439
-16.38778,0.03047,-14.08223,-29.91357,16.45351,-11.78466,27.64858
23.38417,-15.86134,17.22476,27.30218,-0.70273,24.43558,34.25156
-44.92004,38.96664,44.39926,-8.6951,21.60192,31.93533,45.97998
29.69772,24.41506,-6.7196,47.36816,14.93317,-3.12071,5.57602
-35.37174,-47.58403,-9.98724,35.57861,48.40094,36.82989,25.65433
-2.47076,-8.73347,-13.35814,12.71954,-15.05602,-23.76842,8.35256
41.26471,-31.77695,45.60425,37.16969,-3.6967,40.13611,47.88774
-10.73171,13.80944,12.54661,26.98892,-0.2383,-0.92915,22.27865
-42.41342,43.34381,-11.62991,19.11409,35.66746,-24.74139,49.64879
-23.79942,-29.0942,10.66328,-6.90307,17.618,6.66773,22.9689
-48.80663,17.69567,35.77649,-35.68693,16.34777,2.42313,9.43244
32.93723,-14.49287,15.38854,-10.45025,-39.89564,47.48307,39.55171
13.32859,32.65046,20.64999,17.28076,36.34687,35.86018,20.24994
10.47924,-30.72986,18.34709,-1.29968,10.80699,17.24501,24.36062
-35.81111,-41.58301,25.49779,1.2066,30.66271,46.76395,0.00877
-27.8999,-0.44457,-33.75768,43.74444,-26.43798,-30.3345,30.62519
31.23084,32.70665,-11.60063,-17.95684,47.56537,-17.60969,44.57233
15.89434,25.45826,-34.28371,27.89943,-17.87582,45.67476,22.24114
40.90131,0.88429,48.90392,-6.17795,49.36214,-42.99212,11.84867
-20.17422,21.44077,-16.46697,28.21538,-26.57619,23.95967,15.96963
-2.27842,-25.22931,7.94655,5.16875,41.80203,38.98759,13.20576
-2.25639,-19.00824,-18.10216,-14.55747,-46.73646,-16.62478,29.28727
11.03551,-5.91471,-28.72477,-16.31747,-9.3888,-19.23645,31.6054
-44.00642,44.73231,-20.90285,-38.70366,49.57169,-5.81573,19.08544
7.88065,-35.19951,19.25679,36.42325,8.96008,8.88986,15.00485
27.37351,19.22056,30.14458,-43.27673,-4.68939,36.18757,41.43604
-16.78384,29.98091,-13.47654,-39.72971,31.68214,-19.22539,43.20749
-38.99912,28.61352,-30.38498,14.22962,-46.47951,37.90514,27.33966
-8.71096,-0.64192,4.8506,-48.88836,27.13888,46.05947,24.9647
32.22611,-27.17964,13.18653,-19.17097,-47.69409,24.97012,5.50942
-0.62056,-26.74825,-41.19512,11.5735,-14.76772,-45.55484,29.57303
10.60514,-28.9554,-16.22196,-19.44427,-14.01212,-14.01154,28.71553
13.04932,40.73085,45.49615,-26.97847,39.3927,-21.93727,10.94201
-22.89746,20.26,-2.75365,-10.12368,9.82272,-23.34193,39.79559
-4.7511,-41.55033,-13.84187,21.23331,17.50987,23.81591,9.17977
10.51669,-13.33758,34.10997,-30.88497,30.65216,25.74691,35.7094
-34.77388,20.06052,27.2439,43.273,-14.84828,19.779,37.51715
12.3908,-13.13225,-15.71858,-24.2126,-41.92291,27.27162,15.02322
19.41763,1.62348,-31.6375,20.73475,48.57722,47.32307,2.04229
-22.99695,31.20439,2.91505,-5.47439,1.70712,-22.81833,30.32092
29.40793,42.03322,-20.62122,-7.43668,27.02703,-26.55145,21.18332
14.4703,-39.79869,23.2315,29.77949,-23.15893,-28.23356,38.72352
4.73542,-26.79464,-33.95054,-34.17755,-20.22789,21.05899,42.44518
28.80211,1.09337,23.90461,8.77428,-3.73063,-3.08893,35.13537
-28.25646,48.27022,32.95105,-25.91959,-41.32122,13.56904,2.38369
21.05919,-18.45272,44.68383,24.06872,45.86859,35.99952,4.17349
12.86497,-24.70706,34.97944,-18.19114,-21.09892,4.77925,30.76985
46.24166,25.48956,-24.81301,1.82677,23.79426,-37.89191,9.68691
-32.50839,-41.43932,6.88965,-42.92882,-24.65794,24.24575,46.82467
-11.37828,32.22604,-32.32786,21.3297,-9.34162,25.50021,5.25926
19.37905,-21.74807,-48.60035,-5.24136,-39.97184,-15.54787,26.92123
-43.02008,6.66986,-49.86451,-22.49376,-11.20584,-4.00188,0.12445
35.29132,17.11336,21.74323,-27.8239,-39.27304,-10.47725,16.08802
-10.82787,38.55984,1.79454,26.67938,-17.71761,46.59506,23.74071
29.97567,-0.49754,-46.59701,-31.8251,23.78005,9.01036,4.92517
29.24454,-8.57291,24.71289,42.88093,43.64848,-24.20751,6.98194
-44.09967,-34.51843,0.8463,2.31014,-14.37784,8.86739,48.40435
-32.73472,30.4086,3.14817,21.73273,10.72345,46.47846,24.50641
14.02599,11.43477,36.32553,-16.13274,10.96165,25.39043,44.15774
31.6164,-23.06075,-0.22785,-5.48726,-24.95323,-17.15662,30.03326
-15.94002,29.65693,-16.4237,8.53831,17.41344,48.14261,9.482
37.27289,25.68827,4.56483,-3.89926,30.85533,49.62782,25.20032
30.56291,5.32391,-14.62656,17.76644,18.82708,48.4111,9.01213
45.11088,-18.46587,-21.1187,39.99184,-2.04987,-26.34312,6.19364
-49.28832,1.58823,-45.31754,32.78687,35.23973,24.92253,12.64474
13.18286,31.66862,36.12514,38.52214,-34.20369,11.30429,38.21721
45.9349,-32.14907,-45.41769,-39.0345,35.02953,2.40647,49.7601
11.35816,13.3248,-25.6407,-39.10087,-3.24208,-9.56139,0.15262
-13.37063,32.26517,-44.85948,-16.19878,11.41448,35.56957,19.21701
-32.82914,40.67022,-45.19308,-29.01053,30.93439,38.04175,46.34803
-18.96073,23.86031,-3.44955,31.61023,-41.94897,-26.39928,20.21282
-4.84012,25.09785,7.05675,-25.89778,32.04522,38.16546,22.1245
45.09999,-37.88712,3.28838,-39.2137,27.77045,-36.66324,48.13233
8.26707,0.04156,-25.93741,-31.03307,0.21568,-13.8257,24.20946
10.6109,-13.53701,-28.4102,-33.71161,-2.41524,-40.1799,13.499
-21.32645,4.11542,39.93075,-1.86739,-35.92049,-4.10091,4.49615
-13.70239,9.26079,32.38721,30.88954,39.58955,30.73769,37.44995
-28.42395,-8.34175,37.91449,-16.57894,-9.87217,8.4389,6.95704
18.56687,-6.16077,-24.0319,-15.73283,18.66159,-45.31135,29.28448
-20.07565,21.26923,-49.38093,-12.63703,10.87917,-46.96002,46.10509
-24.72317,1.80916,-26.37693,2.13739,-19.22269,-15.34181,17.79708
-18.43239,-17.60151,-36.59147,-40.63779,-48.99116,-28.06013,22.234
-40.12987,28.94675,49.40423,-41.39932,6.2961,0.93621,2.51898
12.34331,-33.71464,1.80998,-47.3345,37.00867,15.39071,24.97834
-36.42026,7.13094,-17.90839,-29.85736,-36.10591,-35.20157,6.71251
4.70798,-47.83005,-39.83838,-28.55657,-45.31878,-11.47777,43.19127
-43.02108,30.03069,-47.6262,-36.32125,-38.84297,23.1629,45.20003
-15.69507,-18.72085,-48.48448,38.70694,-4.21936,17.541,9.62834
47.5502,35.12587,-19.94565,11.9403,32.90683,45.71667,16.55417
40.95029,5.54039,35.11849,-41.16547,-15.64891,-22.35541,36.41235
-43.50873,-22.26575,-3.68583,-16.48694,1.92676,33.77839,25.78654
-25.91136,-48.67264,25.67889,15.45214,-34.7951,-43.9366,14.08497
12.87066,-48.18137,-45.50901,19.99051,-36.79979,10.233,14.82962
26.10075,-35.88818,-31.00572,11.67456,-44.65807,-1.55088,20.58514
49.32584,-0.50294,-39.17382,33.87581,-43.98574,43.26811,2.31563
-23.26901,37.44525,47.0687,-34.73041,-0.16979,10.49176,46.85616
-25.25219,-28.74165,-28.86147,-17.59699,43.8063,40.23177,4.56438
1.19533,-13.73914,22.34117,-1.2808,2.73324,-44.72725,43.79356
9.10434,35.05978,-21.33343,-19.29931,-24.86186,35.57175,1.67223
26.54746,30.62872,-49.61106,1.73821,-22.879,-11.91122,26.84531
37.46087,-12.66001,-34.2672,1.18153,39.48999,38.00986,39.53086
-26.44049,-2.57334,-10.88642,-37.01277,32.73155,10.2549,24.19789
-22.53425,-8.91452,14.4311,42.05601,49.21076,33.23227,26.12428
-8.74982,14.54133,-6.68815,-29.94077,18.39179,-0.70099,5.53107
41.32588,-24.40947,-8.11673,-7.14257,-46.44014,-38.96581,3.35459
-13.76187,-30.01238,33.43126,12.90972,7.43356,0.40059,16.26201
5.72966,17.32343,-31.71622,-3.92552,-11.50889,25.02506,17.77344
-8.73426,-44.31256,-24.24296,-31.23373,28.21767,-23.60679,35.75934
-48.41568,10.31233,-7.16718,-27.80954,7.54264,37.17392,28.79683
45.03025,-34.5459,-14.41286,-18.42069,11.66276,-8.04577,24.86268
-39.12521,25.17684,-36.90221,44.12478,-12.77573,17.6817,38.55107
-49.47795,27.45058,15.45564,41.74731,-8.59706,34.37975,33.40735
22.77899,-32.26319,42.71958,37.53017,-17.93701,-27.91876,31.63846
19.61318,12.17271,39.46552,-46.70877,43.0368,12.63704,2.30035
38.70835,-25.40311,-23.65211,-48.05108,2.78301,-47.55657,35.30325
0.26945,24.9497,30.63675,15.09357,20.182,44.8329,47.10917
30.07242,23.46411,-29.15407,-43.78066,-38.44852,-10.02357,34.05854
31.14362,30.23858,-20.72051,-12.21011,41.1447,-17.51521,44.96408
6.31165,6.05412,-21.02648,42.53862,31.73619,-0.39948,40.53462
-37.47967,-3.55798,27.04091,15.68037,36.14703,5.31213,11.31737
47.61372,0.21062,-36.62333,40.19381,-28.67937,39.75607,4.29732
-24.89777,33.59168,29.13513,18.4654,-31.75605,-40.02734,29.61908
-35.25395,-4.26434,45.68926,-36.86096,4.7498,23.34157,47.71904
-33.33459,33.38228,-34.2961,25.94464,-33.92542,-18.90386,7.42671
-40.76433,25.80876,25.00022,1.51593,43.28714,8.54658,7.5883
-6.86365,37.41254,13.60743,40.94885,-7.24446,-26.25761,14.98433
-30.08702,-9.4823,-28.24039,-17.93082,18.55245,23.52524,49.84573
-37.00222,20.73418,-19.22231,25.46956,-13.32726,-32.30788,7.18768
29.09355,43.69809,6.97286,-32.94603,25.02175,46.31544,9.97209
-38.20133,32.33138,23.34096,-7.01842,41.77863,-38.3275,10.96443
33.64458,14.30667,18.68082,28.41723,15.41441,3.56011,39.39367
21.48201,34.38564,30.09484,-26.48238,-31.20156,21.69242,42.66019
-49.78301,45.95114,-41.49112,-23.742,-3.76258,10.54565,31.71525
22.70411,6.98037,-23.34416,6.71275,-34.16177,20.99103,18.51185
-15.82786,3.76566,22.24044,44.0238,17.27216,-16.4623,19.29121
26.6931,-23.24933,-14.7481,10.87391,-47.26861,-21.88481,45.52808
22.27266,-34.60284,3.48846,-37.27915,28.37761,-5.60247,16.78111
-36.88592,-18.10479,-3.99703,8.82262,30.02807,37.42967,11.41873
2.4329,-10.83868,-45.80885,-17.86538,23.19942,-32.64769,43.69268
14.57615,-38.16333,29.46058,-14.1138,-42.43353,9.87007,7.24264
-32.77778,42.68417,18.45944,11.31846,-34.70055,27.59685,16.63438
-16.68555,-13.73101,-14.64843,2.77558,41.66361,32.46873,6.04957
3.5213,-23.32709,-22.1257,-17.61089,-36.33394,-2.27097,43.25211
-41.2182,49.49893,-43.43204,0.69821,15.69609,2.92176,45.15043
-2.93434,22.49411,-40.88084,-41.85207,43.54182,-43.01014,16.41231
32.21071,-0.84308,1.90082,2.95569,-31.82182,13.30178,25.4494
-25.29821,-41.9486,37.51272,-0.11539,-42.07053,-29.14573,29.80233
29.17503,-40.86583,24.13615,-17.58965,-12.00966,46.37013,34.37003
-47.68392,-18.96602,3.27953,-2.14496,21.40733,-21.32365,8.1613
-34.75373,-29.99111,-22.76724,21.05626,-40.18918,-13.07259,46.78951
-48.28949,43.81612,-14.84239,-25.53271,-14.17949,-23.04098,48.68076
6.96003,32.48826,-41.38883,-32.601,32.99621,42.2678,40.88877
6.13541,-28.31538,-3.83455,42.38006,-33.61914,-22.68504,6.64579
-29.40035,-26.38804,-2.7243,-26.23104,-23.48872,44.03867,20.17496
12.88501,4.69303,-34.50205,-14.06995,41.73767,43.17772,14.95253
-42.65199,49.87947,5.09282,4.74763,-5.23503,29.33816,37.83636
-29.84805,5.68488,-30.13187,-48.18877,42.52182,-30.62796,38.57451
-20.23389,18.68787,-2.12309,0.90765,19.94705,30.47056,9.66264
3.56962,18.35522,-31.01989,44.8458,7.80304,-18.74522,5.78624
23.81284,-48.73402,17.20657,-14.99186,10.16393,3.3195,7.49131
33.99011,-39.1912,10.98583,-24.14252,-46.41027,-47.78745,1.18814
-24.91747,7.9468,-22.07806,39.71012,19.64966,36.76221,6.26961
15.9159,-6.62964,-27.0955,6.21306,37.99367,8.70318,32.94176
5.42147,47.5077,28.4947,3.25029,25.49693,-8.98021,47.96805
35.71437,48.71409,-32.65498,15.11246,-38.80023,29.12411,23.04386
37.79089,41.2982,26.20268,37.39926,-0.36042,16.31096,31.79831
-24.45456,-32.63425,-26.80784,38.90544,44.40003,27.41706,27.70011
39.54367,28.94397,-48.97141,-16.46124,38.88002,33.763,25.27855
40.60588,46.96725,-14.69841,-33.08875,-25.14867,-8.24419,27.61556
-5.29458,-15.91585,-0.71392,4.49329,-37.29653,-31.23563,25.26894
-10.20264,-40.24708,-5.28473,-25.58568,-38.88244,-13.56453,4.92129
20.64856,-35.26659,-10.85375,-40.27907,-41.91612,-6.88166,23.49558
38.67071,29.90737,20.72526,-15.40315,15.61519,-19.99253,28.62173
10.99735,45.52056,15.50126,3.91832,-21.47747,-26.71733,22.62933
13.46397,-7.02474,-8.85137,-38.54204,17.27448,49.84845,13.71093
23.59449,16.52679,36.74595,-47.988,18.44241,-41.89088,45.93372
-21.71444,25.67805,-47.76813,26.70384,38.45958,1.18298,1.3208
21.76032,49.2507,41.51747,-1.40017,-21.59408,-33.12158,43.80834
-7.05225,17.76697,-41.79201,-10.68622,41.79763,-45.85773,45.91573
-48.16948,-19.58659,48.9251,-18.76675,36.02053,-38.75091,19.27643
-42.24408,-25.62802,31.97987,-45.92907,46.75889,-41.89666,23.94164
-40.87516,-13.99842,11.74866,41.66917,24.80206,14.78878,30.99845
27.1689,41.78929,49.80848,38.72922,-21.84397,49.84474,28.87396
-8.82474,14.83646,40.80384,-8.33192,31.39935,-6.29211,42.14151
12.97097,10.87362,-20.4672,14.44084,-26.44675,13.7901,34.47036
-16.5521,14.78303,5.63225,27.47646,-36.91674,-8.2653,26.01962
-43.45712,42.92425,18.72315,10.38582,5.81668,-45.60995,41.93035
25.2481,-5.63286,-28.35675,-16.24785,1.42622,41.91506,13.22714
22.91422,44.45745,-15.31808,-31.32819,8.71871,-33.10865,8.55889
-20.70822,-25.57386,20.04624,-35.23163,38.5618,-17.59252,31.37079
37.33432,-42.96655,-26.93532,-15.71447,-27.05682,6.96994,46.6293
-39.84018,27.42907,26.01187,-42.685,36.26276,37.32443,33.53324
-30.0585,-7.69137,7.74102,-16.17899,7.19732,46.37185,33.57488
24.76806,-39.41185,-15.82072,19.58806,6.17249,-49.75639,31.10516
-32.22812,24.33852,10.57722,-28.95974,-40.68399,-43.71702,10.90277
45.91821,7.89331,27.56075,22.74174,-13.76732,-27.69438,31.2768
35.49811,-16.26568,31.67689,48.6735,0.24891,44.17041,26.33005
17.60042,-7.2568,23.68999,46.78202,48.28376,45.30022,37.69905
48.54762,19.21086,-43.25106,33.7009,2.20753,35.40586,27.23408
-46.95654,4.17171,38.90899,-34.10399,-40.9598,18.16916,21.81911
47.49718,-31.46538,-10.3863,33.85749,-14.93923,0.06865,20.8146
-42.73253,22.70137,-44.34243,-34.50927,49.4464,9.33574,22.22834
-9.57381,-26.332,19.68744,-33.10938,-18.87621,29.82568,47.21047
-25.96292,9.8534,-30.50035,49.5338,30.46911,28.62718,4.21725
-44.95239,39.07917,-43.67069,-30.4173,-18.22434,24.92517,13.39298
-44.07465,32.41129,-4.39437,-17.72818,-35.72552,-1.36159,47.85848
22.41363,-40.77024,29.39514,-13.24971,13.53114,38.72351,4.10322
43.24464,-16.1058,49.3393,-27.99489,-37.82467,-7.85495,4.56983
-30.68224,14.83512,-23.15515,49.39587,47.32303,-48.20335,7.99691
-28.21086,38.88601,-6.11714,-12.69916,10.16091,-37.09535,16.33554
33.84678,-30.01096,31.03491,47.76853,49.87005,-27.46566,21.2034
-0.41058,27.37351,-46.51783,27.78116,-27.12196,-12.88544,33.69874
-26.69923,-1.36573,-10.62995,-39.62496,15.71067,38.20922,33.57061
48.10236,-12.84047,-40.97772,7.85055,20.82248,-3.88608,7.85489
30.08377,23.94342,4.35197,-14.48349,25.28619,10.88617,19.80262
-6.02642,42.59427,-48.52692,-39.53865,25.68938,-3.46917,47.61575
-44.82064,-16.18657,-47.53266,14.5505,14.32079,10.86279,40.9076
-16.36366,-47.13787,23.47004,-7.5513,25.42864,38.45013,21.17408
28.5654,-31.95052,-37.94989,-26.82891,32.77031,30.826,24.79408
8.78491,-0.81624,-20.50603,-7.13231,21.0155,28.0441,15.05559
-27.82083,23.84613,45.79679,24.24346,-22.03601,10.97266,49.32165
-2.66644,-8.39796,11.56221,-2.73516,34.34535,20.68182,27.31371
-39.84727,24.53274,40.53413,-18.9559,-40.119,2.30369,31.06516
35.2873,40.22895,19.34571,-18.7388,39.65945,-4.85067,47.84045
31.8078,29.69015,19.57532,-16.25555,-34.54026,-17.44777,33.76125
-29.12096,-24.51085,-32.45124,-27.60323,-28.2583,-11.71573,16.47495
-20.28297,49.02563,2.10977,17.27545,-13.02395,8.1762,5.9232
23.9352,19.59852,-46.86983,-49.75133,46.6394,-41.26687,27.8408
33.59552,1.95735,-1.2689,-40.31308,27.87244,-23.25061,40.8916
39.30212,-39.2255,-6.29855,-47.52564,49.0122,34.22368,13.66979
40.94824,19.42883,7.52319,-25.77318,-9.2604,12.85396,37.72277
-41.30101,44.4307,17.00983,-9.45178,-29.24269,-3.56371,28.26334
-27.94795,30.20661,36.71886,-33.98491,29.83525,17.84766,43.57635
44.49638,-19.33442,-16.35364,42.01098,9.81559,-21.72915,46.54951
-13.01156,43.65464,-32.25321,26.05325,-34.82585,21.98717,49.47057
15.54274,29.24033,8.12995,10.38753,-1.28662,5.87264,42.60723
-23.50997,-31.9733,-12.19317,-2.38615,41.21626,26.23111,49.95115
-16.80365,16.9936,-8.95953,43.40496,-16.40357,-35.20459,39.74618
13.76901,4.19166,-18.17523,48.8192,-22.15326,-7.88891,36.86553
-22.74657,1.11283,-23.68266,12.96957,26.67927,2.32121,11.88192
-4.4449,5.47521,-4.32737,17.85753,-27.23816,40.06282,21.21125
33.43262,17.76898,41.97451,46.99154,29.95231,-19.65778,11.00983
20.65821,-14.20637,-23.052,-41.79996,-4.95639,-9.06449,38.80816
17.28176,-1.37571,13.27848,1.96738,13.3507,13.44762,21.64456
-35.67053,28.93307,-10.62647,-39.5982,7.92322,-36.17473,42.689
48.63484,-5.71427,38.77402,-9.43927,48.81279,26.2865,40.4479
29.46866,48.84355,-7.42211,36.24194,33.11563,-27.87909,1.82675
-37.2075,-7.35446,1.19589,21.0559,-41.50449,-23.09275,33.09419
20.93578,10.57042,24.3,-20.50517,-35.82088,26.64732,0.74247
20.67602,-28.96188,7.52341,-6.54173,32.06164,37.6545,38.03236
